{
    "1": {
        "Coord": {
            "X": 311,
            "Y": 38,
            "T": 6.9662398524919835
        },
        "Action": {}
    },
    "2": {
        "Coord": {
            "X": 311,
            "Y": 273,
            "T": 90.0
        },
        "Action": {}
    },
    "3": {
        "Coord": {
            "X": 81,
            "Y": 282,
            "T": 177.75913450078647
        },
        "Action": {}
    },
    "4": {
        "Coord": {
            "X": 101,
            "Y": 57,
            "T": -84.92039213998542
        },
        "Action": {}
    },
    "5": {
        "Coord": {
            "X": 203,
            "Y": 174,
            "T": 90
        },
        "Action": {}
    },
    "6": {
        "Coord": {
            "X": 11,
            "Y": 12,
            "T": -140.0187653410811
        },
        "Action": {}
    },
    "7": {
        "Coord": {
            "X": 352,
            "Y": 25,
            "T": 2.3441324740698417
        },
        "Action": {}
    },
    "8": {
        "Coord": {
            "X": 352,
            "Y": 320,
            "T": 90.0
        },
        "Action": {}
    },
    "9": {
        "Coord": {
            "X": 64,
            "Y": 339,
            "T": 176.22553966470701
        },
        "Action": {}
    },
    "10": {
        "Coord": {
            "X": 69,
            "Y": 85,
            "T": 1
        },
        "Action": {}
    }
}