{
    "1": {
        "Coord": {
            "X": 206,
            "Y": 85,
            "T": -144.73549740414046,
            "S": "0"
        },
        "Action": {}
    },
    "2": {
        "Coord": {
            "X": 433,
            "Y": 114,
            "T": 7.280289083993715,
            "S": "0"
        },
        "Action": {}
    },
    "3": {
        "Coord": {
            "X": 407,
            "Y": 292,
            "T": 90,
            "S": "0"
        },
        "Action": {}
    },
    "4": {
        "Coord": {
            "X": 267,
            "Y": 288,
            "T": -178.36342295838327,
            "S": "0"
        },
        "Action": {}
    },
    "5": {
        "Coord": {
            "X": 200,
            "Y": 126,
            "T": -112.46902076953457,
            "S": "0"
        },
        "Action": {}
    }
}