{
    "1": {
        "Coord": {
            "X": 265,
            "Y": 104,
            "T": -144.0388868228324,
            "S": "0"
        },
        "Action": {}
    },
    "2": {
        "Coord": {
            "X": 433,
            "Y": 114,
            "T": 3.406443754994719,
            "S": "0"
        },
        "Action": {}
    },
    "3": {
        "Coord": {
            "X": 422,
            "Y": 250,
            "T": 32,
            "S": "0"
        },
        "Action": {}
    },
    "4": {
        "Coord": {
            "X": 279,
            "Y": 273,
            "T": 170.8628489858613,
            "S": "0"
        },
        "Action": {}
    },
    "5": {
        "Coord": {
            "X": 203,
            "Y": 174,
            "T": 90
        },
        "Action": {}
    },
    "6": {
        "Coord": {
            "X": 11,
            "Y": 12,
            "T": -140.0187653410811
        },
        "Action": {}
    },
    "7": {
        "Coord": {
            "X": 352,
            "Y": 25,
            "T": 2.3441324740698417
        },
        "Action": {}
    },
    "8": {
        "Coord": {
            "X": 352,
            "Y": 320,
            "T": 90.0
        },
        "Action": {}
    },
    "9": {
        "Coord": {
            "X": 64,
            "Y": 339,
            "T": 176.22553966470701
        },
        "Action": {}
    },
    "10": {
        "Coord": {
            "X": 69,
            "Y": 85,
            "T": 1
        },
        "Action": {}
    },
    "12": {
        "Coord": {
            "X": 468,
            "Y": 111,
            "T": 3.8520064934379348
        },
        "Action": {}
    },
    "13": {
        "Coord": {
            "X": 419,
            "Y": 352,
            "T": 101.49269351130998
        },
        "Action": {
            "Moteur": {
                "ordre": {
                    "avant": "Milieu"
                }
            }
        }
    },
    "14": {
        "Coord": {
            "X": 174,
            "Y": 371,
            "T": 175.5655294938988
        },
        "Action": {}
    },
    "15": {
        "Coord": {
            "X": 0,
            "Y": 0,
            "T": 1
        },
        "Action": {}
    }
}