{
    "1": {
        "Coord": {
            "X": 262,
            "Y": 50,
            "T": -142.49856717247698
        },
        "Action": {}
    },
    "2": {
        "Coord": {
            "X": 273,
            "Y": 314,
            "T": 87.61405596961119
        },
        "Action": {}
    },
    "3": {
        "Coord": {
            "X": 81,
            "Y": 311,
            "T": -90
        },
        "Action": {}
    },
    "4": {
        "Coord": {
            "X": 78,
            "Y": 60,
            "T": 1
        },
        "Action": {}
    },
    "5": {
        "Coord": {
            "X": 203,
            "Y": 174,
            "T": 90
        },
        "Action": {}
    },
    "6": {
        "Coord": {
            "X": 11,
            "Y": 12,
            "T": -140.0187653410811
        },
        "Action": {}
    },
    "7": {
        "Coord": {
            "X": 352,
            "Y": 25,
            "T": 2.3441324740698417
        },
        "Action": {}
    },
    "8": {
        "Coord": {
            "X": 352,
            "Y": 320,
            "T": 90.0
        },
        "Action": {}
    },
    "9": {
        "Coord": {
            "X": 64,
            "Y": 339,
            "T": 176.22553966470701
        },
        "Action": {}
    },
    "10": {
        "Coord": {
            "X": 69,
            "Y": 85,
            "T": 1
        },
        "Action": {}
    }
}